{
  "dropout": 0.0,
  "weight_decay": 0.0,
  "val_acc": 0.9798792756539235,
  "test_acc": 0.9403153153153153,
  "train_acc_curve": [
    0.9241240794465521,
    0.9654095068065164,
    0.9852711448337425,
    0.9928587368890872,
    0.9982146842222718,
    0.999776835527784,
    1.0,
    1.0,
    1.0,
    1.0,
    1.0,
    1.0,
    1.0,
    1.0,
    1.0,
    1.0,
    1.0,
    1.0,
    1.0,
    1.0
  ],
  "val_acc_curve": [
    0.9235412474849095,
    0.9496981891348089,
    0.9577464788732394,
    0.971830985915493,
    0.9738430583501007,
    0.9778672032193159,
    0.9778672032193159,
    0.9778672032193159,
    0.9778672032193159,
    0.9778672032193159,
    0.9778672032193159,
    0.9778672032193159,
    0.9778672032193159,
    0.9778672032193159,
    0.9778672032193159,
    0.9778672032193159,
    0.9778672032193159,
    0.9798792756539235,
    0.9778672032193159,
    0.9778672032193159
  ]
}