{
  "mode": "random",
  "val_best": 0.9839034205231388,
  "train_loss": [
    0.887997260891671,
    0.3889753574152539,
    0.2536146599366624,
    0.17354417054734575,
    0.14195385931552398,
    0.10734012476140514,
    0.0737234400433572,
    0.06185907988371394,
    0.04607383324503572,
    0.04479936111940387,
    0.041152208069989094,
    0.029964963536964356,
    0.02528248934328383,
    0.023677326429571273,
    0.02130772645934868,
    0.0157746468930256,
    0.01721240300939769,
    0.014571600258755462,
    0.016450379046311577,
    0.024646736214236593
  ],
  "val_loss": [
    0.39658039928202177,
    0.2326913840574038,
    0.1906091813710134,
    0.1407448216763061,
    0.13529962744991064,
    0.12187410732150318,
    0.1171110267310555,
    0.11163832903867756,
    0.11134060545706413,
    0.09841348830483089,
    0.09000883019066433,
    0.10373001861980023,
    0.10323830533555337,
    0.0978677651472015,
    0.09621792349597098,
    0.11000621090952299,
    0.09530698713402393,
    0.09441567729536436,
    0.11041561637066259,
    0.09147681601690334
  ],
  "train_acc": [
    0.8933273822807409,
    0.9392992635572417,
    0.9654095068065164,
    0.9799151975005579,
    0.9875027895559026,
    0.9917429145280071,
    0.9955367105556795,
    0.9975451908056238,
    0.9977683552778398,
    0.9988841776389199,
    0.999330506583352,
    0.9995536710555679,
    0.9995536710555679,
    0.999776835527784,
    0.999776835527784,
    1.0,
    1.0,
    1.0,
    1.0,
    0.999776835527784
  ],
  "val_acc": [
    0.9014084507042254,
    0.9356136820925554,
    0.9496981891348089,
    0.9678068410462777,
    0.9698189134808853,
    0.9698189134808853,
    0.9758551307847082,
    0.9738430583501007,
    0.9778672032193159,
    0.9818913480885312,
    0.9798792756539235,
    0.9818913480885312,
    0.9818913480885312,
    0.9778672032193159,
    0.9818913480885312,
    0.9839034205231388,
    0.9818913480885312,
    0.9839034205231388,
    0.9818913480885312,
    0.9839034205231388
  ]
}