{
  "dropout": 0.5,
  "weight_decay": 0.0001,
  "val_acc": 0.9758551307847082,
  "test_acc": 0.9403153153153153,
  "train_acc_curve": [
    0.9020307966971658,
    0.9433162240571301,
    0.9683106449453247,
    0.9828163356393662,
    0.9875027895559026,
    0.9908502566391431,
    0.9921892434724392,
    0.9962062039723276,
    0.9962062039723276,
    0.9979915197500558,
    0.9979915197500558,
    0.9988841776389199,
    0.9991073421111359,
    0.9988841776389199,
    0.999330506583352,
    0.9995536710555679,
    0.9995536710555679,
    0.999776835527784,
    1.0,
    0.999776835527784
  ],
  "val_acc_curve": [
    0.9054325955734407,
    0.9295774647887324,
    0.9517102615694165,
    0.9617706237424547,
    0.9698189134808853,
    0.971830985915493,
    0.9698189134808853,
    0.971830985915493,
    0.971830985915493,
    0.9738430583501007,
    0.9738430583501007,
    0.971830985915493,
    0.9738430583501007,
    0.971830985915493,
    0.9758551307847082,
    0.9738430583501007,
    0.9758551307847082,
    0.9738430583501007,
    0.9758551307847082,
    0.9758551307847082
  ]
}