{
  "vocab_sweep": [
    {
      "min_freq": 1,
      "vocab_size": 725,
      "emb_dim": 100,
      "max_len": 50,
      "best_val_acc": 0.9818913480885312,
      "test_acc": 0.9346846846846847,
      "train_acc_curve": [
        0.8924347243918768,
        0.9439857174737781,
        0.9685338094175407,
        0.9839321580004463,
        0.990627092166927,
        0.9926355724168713,
        0.9973220263334077,
        0.9964293684445437,
        0.9982146842222718,
        0.9982146842222718,
        0.9995536710555679,
        0.9995536710555679,
        0.9995536710555679,
        0.999776835527784,
        0.999330506583352,
        1.0,
        1.0,
        1.0,
        1.0,
        0.999776835527784
      ],
      "val_acc_curve": [
        0.8893360160965795,
        0.9436619718309859,
        0.9456740442655935,
        0.9678068410462777,
        0.9738430583501007,
        0.9738430583501007,
        0.9778672032193159,
        0.9758551307847082,
        0.9818913480885312,
        0.9758551307847082,
        0.9758551307847082,
        0.9818913480885312,
        0.9778672032193159,
        0.9818913480885312,
        0.9798792756539235,
        0.9798792756539235,
        0.9818913480885312,
        0.9778672032193159,
        0.9798792756539235,
        0.9798792756539235
      ]
    },
    {
      "min_freq": 2,
      "vocab_size": 555,
      "emb_dim": 100,
      "max_len": 50,
      "best_val_acc": 0.9839034205231388,
      "test_acc": 0.9470720720720721,
      "train_acc_curve": [
        0.8989064940861415,
        0.9459941977237224,
        0.9689801383619727,
        0.9839321580004463,
        0.9910734211113591,
        0.9937513947779514,
        0.9955367105556795,
        0.9973220263334077,
        0.9988841776389199,
        0.9986610131667039,
        0.999330506583352,
        0.999776835527784,
        0.9995536710555679,
        0.999776835527784,
        0.999776835527784,
        0.9995536710555679,
        0.999776835527784,
        1.0,
        0.999776835527784,
        0.999776835527784
      ],
      "val_acc_curve": [
        0.9074446680080482,
        0.9456740442655935,
        0.9517102615694165,
        0.9738430583501007,
        0.9738430583501007,
        0.971830985915493,
        0.9778672032193159,
        0.9758551307847082,
        0.9798792756539235,
        0.9798792756539235,
        0.9798792756539235,
        0.9778672032193159,
        0.9778672032193159,
        0.9798792756539235,
        0.9798792756539235,
        0.9798792756539235,
        0.9798792756539235,
        0.9778672032193159,
        0.9758551307847082,
        0.9839034205231388
      ]
    },
    {
      "min_freq": 3,
      "vocab_size": 483,
      "emb_dim": 100,
      "max_len": 50,
      "best_val_acc": 0.9859154929577465,
      "test_acc": 0.9358108108108109,
      "train_acc_curve": [
        0.904262441419326,
        0.9379602767239456,
        0.971658112028565,
        0.9821468422227182,
        0.9886186119169829,
        0.9957598750278955,
        0.9950903816112475,
        0.9982146842222718,
        0.9995536710555679,
        0.9991073421111359,
        1.0,
        0.9991073421111359,
        0.999776835527784,
        0.999776835527784,
        1.0,
        0.999776835527784,
        1.0,
        1.0,
        0.999776835527784,
        1.0
      ],
      "val_acc_curve": [
        0.9014084507042254,
        0.93158953722334,
        0.9496981891348089,
        0.9617706237424547,
        0.9758551307847082,
        0.9818913480885312,
        0.9798792756539235,
        0.9798792756539235,
        0.9818913480885312,
        0.9818913480885312,
        0.9839034205231388,
        0.9798792756539235,
        0.9778672032193159,
        0.9818913480885312,
        0.9839034205231388,
        0.9859154929577465,
        0.9818913480885312,
        0.9818913480885312,
        0.9818913480885312,
        0.9839034205231388
      ]
    },
    {
      "min_freq": 5,
      "vocab_size": 401,
      "emb_dim": 100,
      "max_len": 50,
      "best_val_acc": 0.9839034205231388,
      "test_acc": 0.9436936936936937,
      "train_acc_curve": [
        0.895112698058469,
        0.9392992635572417,
        0.9734434278062932,
        0.9832626645837983,
        0.9895112698058469,
        0.9935282303057353,
        0.9953135460834636,
        0.9977683552778398,
        0.9986610131667039,
        0.9995536710555679,
        0.999776835527784,
        0.9995536710555679,
        0.999776835527784,
        0.999776835527784,
        1.0,
        1.0,
        1.0,
        1.0,
        1.0,
        1.0
      ],
      "val_acc_curve": [
        0.89738430583501,
        0.9336016096579477,
        0.9577464788732394,
        0.9678068410462777,
        0.9758551307847082,
        0.9758551307847082,
        0.9798792756539235,
        0.9798792756539235,
        0.9839034205231388,
        0.9818913480885312,
        0.9818913480885312,
        0.9818913480885312,
        0.9798792756539235,
        0.9818913480885312,
        0.9778672032193159,
        0.9798792756539235,
        0.9798792756539235,
        0.9798792756539235,
        0.9778672032193159,
        0.9818913480885312
      ]
    }
  ],
  "emb_dim_sweep": [
    {
      "min_freq": 2,
      "vocab_size": 555,
      "emb_dim": 50,
      "max_len": 50,
      "best_val_acc": 0.9778672032193159,
      "test_acc": 0.9256756756756757,
      "train_acc_curve": [
        0.8582905601428252,
        0.9067172506137023,
        0.9410845793349699,
        0.9562597634456594,
        0.9703191251952689,
        0.9758982370006695,
        0.9861638027226065,
        0.9881722829725508,
        0.9915197500557911,
        0.9944208881945994,
        0.9957598750278955,
        0.9973220263334077,
        0.9982146842222718,
        0.9979915197500558,
        0.9986610131667039,
        0.999330506583352,
        0.9995536710555679,
        0.999330506583352,
        0.9995536710555679,
        0.999776835527784
      ],
      "val_acc_curve": [
        0.8772635814889336,
        0.9054325955734407,
        0.9336016096579477,
        0.9396378269617707,
        0.9456740442655935,
        0.9537223340040242,
        0.9698189134808853,
        0.96579476861167,
        0.9678068410462777,
        0.9617706237424547,
        0.9738430583501007,
        0.9698189134808853,
        0.971830985915493,
        0.9698189134808853,
        0.971830985915493,
        0.971830985915493,
        0.971830985915493,
        0.9778672032193159,
        0.971830985915493,
        0.9738430583501007
      ]
    },
    {
      "min_freq": 2,
      "vocab_size": 555,
      "emb_dim": 100,
      "max_len": 50,
      "best_val_acc": 0.9818913480885312,
      "test_acc": 0.9380630630630631,
      "train_acc_curve": [
        0.9004686453916536,
        0.9312653425574648,
        0.9723276054452131,
        0.9794688685561259,
        0.9823700066949341,
        0.9901807632224949,
        0.9919660790002232,
        0.9959830395001116,
        0.9973220263334077,
        0.9977683552778398,
        0.9982146842222718,
        0.9986610131667039,
        0.999776835527784,
        0.999776835527784,
        0.999330506583352,
        0.9988841776389199,
        1.0,
        0.9995536710555679,
        1.0,
        1.0
      ],
      "val_acc_curve": [
        0.9094567404426559,
        0.9255533199195171,
        0.9637826961770624,
        0.96579476861167,
        0.9637826961770624,
        0.971830985915493,
        0.9778672032193159,
        0.9738430583501007,
        0.9758551307847082,
        0.9798792756539235,
        0.9798792756539235,
        0.9778672032193159,
        0.9818913480885312,
        0.9798792756539235,
        0.9798792756539235,
        0.9738430583501007,
        0.9818913480885312,
        0.9798792756539235,
        0.9798792756539235,
        0.9798792756539235
      ]
    },
    {
      "min_freq": 2,
      "vocab_size": 555,