{
  "lr": 0.0001,
  "train_loss": [
    1.966380426837674,
    1.0012054808156827,
    0.8649300387117964,
    0.7696203793885585,
    0.6978212625513224,
    0.6369536082357786,
    0.5953319144552239,
    0.554698415830502,
    0.5097541127040487,
    0.48978123438013127,
    0.4562014034984368,
    0.4345166847813119,
    0.4120974798820442,
    0.3907857832391396,
    0.3639220017187432,
    0.34475224647145986,
    0.3292083843455094,
    0.31464562189691075,
    0.2936669120669392,
    0.28374410675507294
  ],
  "val_loss": [
    0.9732775546655329,
    0.8078679580323893,
    0.7007707236278465,
    0.628390982477238,
    0.573947370651982,
    0.5300179387721977,
    0.49508540815031027,
    0.4637751620060481,
    0.4392561550351456,
    0.41451084517856956,
    0.3937538163043124,
    0.3740287048955798,
    0.3572654978969927,
    0.34002584548783255,
    0.32360774470526926,
    0.309835496802685,
    0.2964288369870522,
    0.2819228418756059,
    0.26961482146856053,
    0.26102290714770493
  ],
  "train_acc": [
    0.7364427583128766,
    0.7614371792010712,
    0.8007141263110913,
    0.8257085471992859,
    0.8442311983932158,
    0.8571747377817451,
    0.8685561258647624,
    0.8768132113367552,
    0.8821691586699397,
    0.8924347243918768,
    0.8993528230305735,
    0.9024771256415979,
    0.9080562374469985,
    0.9158669939745593,
    0.9216692702521758,
    0.9247935728632002,
    0.9299263557241687,
    0.9346128096407051,
    0.9404150859183218,
    0.9424235661682661
  ],
  "val_acc": [
    0.7545271629778671,
    0.7826961770623743,
    0.8249496981891348,
    0.8490945674044266,
    0.8712273641851107,
    0.8812877263581489,
    0.8853118712273642,
    0.8913480885311871,
    0.8933601609657947,
    0.8993963782696177,
    0.9014084507042254,
    0.9054325955734407,
    0.9074446680080482,
    0.9114688128772636,
    0.9215291750503019,
    0.9235412474849095,
    0.9215291750503019,
    0.9235412474849095,
    0.9295774647887324,
    0.9275653923541247
  ]
}