{
  "lr": 0.001,
  "train_loss": [
    0.8340288844335549,
    0.37692847722154915,
    0.2438474186878607,
    0.18249840912702386,
    0.13074792506864522,
    0.11328447758338812,
    0.07689116875713999,
    0.0611391312640663,
    0.05072549847196255,
    0.03872039735888308,
    0.03408350150842973,
    0.026683671289332394,
    0.02790966361073253,
    0.024376953726866504,
    0.02102850696774238,
    0.01950099884952329,
    0.01618422910360664,
    0.015582917208262279,
    0.015958850939360298,
    0.015530853906555505
  ],
  "val_loss": [
    0.3878939302274639,
    0.24275187737265344,
    0.1798684646785859,
    0.14997478839856998,
    0.1622447183794179,
    0.13650772305321646,
    0.12095140625293586,
    0.12779305596466756,
    0.12164527252766208,
    0.12589637899182932,
    0.12022197456427024,
    0.11505411661246892,
    0.11553540582987865,
    0.13113618745530395,
    0.1288992650432126,
    0.12444194659620704,
    0.1243396652956124,
    0.1263488049298465,
    0.1277656021642253,
    0.12363609529177189
  ],
  "train_acc": [
    0.8928810533363088,
    0.9453247043070743,
    0.9700959607230529,
    0.9841553224726624,
    0.9828163356393662,
    0.9917429145280071,
    0.9955367105556795,
    0.9977683552778398,
    0.9991073421111359,
    0.9991073421111359,
    0.9991073421111359,
    0.9995536710555679,
    1.0,
    1.0,
    1.0,
    0.999776835527784,
    0.9995536710555679,
    1.0,
    1.0,
    1.0
  ],
  "val_acc": [
    0.89738430583501,
    0.9295774647887324,
    0.9537223340040242,
    0.96579476861167,
    0.9517102615694165,
    0.971830985915493,
    0.9758551307847082,
    0.9758551307847082,
    0.9738430583501007,
    0.971830985915493,
    0.9798792756539235,
    0.9758551307847082,
    0.9758551307847082,
    0.9758551307847082,
    0.9778672032193159,
    0.9778672032193159,
    0.9758551307847082,
    0.9778672032193159,
    0.9818913480885312,
    0.9758551307847082
  ]
}