{
  "lr": 0.0005,
  "train_loss": [
    1.0876522752701825,
    0.5580304985630262,
    0.4118376746798141,
    0.31602206456424453,
    0.24597185598742455,
    0.21300096905968385,
    0.17507376294534033,
    0.15403499091239437,
    0.12008650762150994,
    0.11153659343559863,
    0.09943434070979504,
    0.08709994269731561,
    0.07859777971888567,
    0.06538450033619045,
    0.05700900837538161,
    0.04978765223936598,
    0.04865986787412907,
    0.04407219524430666,
    0.03673784602588282,
    0.036249060119931224
  ],
  "val_loss": [
    0.5469479114716681,
    0.3890724956269715,
    0.30738590378876424,
    0.24011796820811343,
    0.1989344054724369,
    0.16643020702559702,
    0.1515839170642062,
    0.14263146039345853,
    0.13147344609621306,
    0.11730326241410714,
    0.11759306853206104,
    0.11596860606185867,
    0.11537785846102885,
    0.11191423853458293,
    0.10764360270449813,
    0.10489149591032888,
    0.10576584277078659,
    0.10741911042983864,
    0.1077030830430073,
    0.10207063344942492
  ],
  "train_acc": [
    0.84623967864316,
    0.8986833296139255,
    0.9147511716134792,
    0.9468868556125865,
    0.9598303950011158,
    0.9734434278062932,
    0.9799151975005579,
    0.9828163356393662,
    0.9875027895559026,
    0.9910734211113591,
    0.9910734211113591,
    0.9912965855835751,
    0.9950903816112475,
    0.9964293684445437,
    0.9973220263334077,
    0.9986610131667039,
    0.9991073421111359,
    0.9995536710555679,
    0.999330506583352,
    0.999776835527784
  ],
  "val_acc": [
    0.8672032193158954,
    0.8993963782696177,
    0.9074446680080482,
    0.937625754527163,
    0.9436619718309859,
    0.959758551307847,
    0.96579476861167,
    0.9637826961770624,
    0.9738430583501007,
    0.9798792756539235,
    0.9778672032193159,
    0.9798792756539235,
    0.9798792756539235,
    0.9798792756539235,
    0.9818913480885312,
    0.9818913480885312,
    0.9818913480885312,
    0.9818913480885312,
    0.9818913480885312,
    0.9839034205231388
  ]
}