{
  "mode": "glove_finetune",
  "val_best": 0.9859154929577465,
  "train_loss": [
    0.9260181669836677,
    0.45221172854773195,
    0.31462753744564387,
    0.2346409433649151,
    0.17694033705787884,
    0.1393089940971193,
    0.1066408571145998,
    0.09500982496444542,
    0.07766572062962823,
    0.05982349169274115,
    0.058666097814550996,
    0.051027967023372874,
    0.038481872482102546,
    0.038538317483251455,
    0.03104328781971573,
    0.024937486446353872,
    0.020246638478933633,
    0.020086540040772632,
    0.023204681161394947,
    0.015690993398753853
  ],
  "val_loss": [
    0.4811039894999153,
    0.31118208823549437,
    0.22633383085790054,
    0.16652506125165184,
    0.13690039002799412,
    0.1085686734774463,
    0.10994699078666373,
    0.09363925935217073,
    0.09984541375572292,
    0.08626464985206093,
    0.09276101922605119,
    0.07919244424737915,
    0.09003215668426913,
    0.07813536910943582,
    0.07792105119473018,
    0.08504691360971817,
    0.08123686633089658,
    0.09214977816616746,
    0.08515073708305416,
    0.0724883585028965
  ],
  "train_acc": [
    0.8777058692256193,
    0.9274715465297925,
    0.9480026779736666,
    0.9656326712787324,
    0.9763445659451016,
    0.9808078553894221,
    0.9866101316670386,
    0.989957598750279,
    0.9935282303057353,
    0.9948672171390315,
    0.9953135460834636,
    0.9955367105556795,
    0.9973220263334077,
    0.9988841776389199,
    0.9988841776389199,
    0.999330506583352,
    0.999330506583352,
    0.999330506583352,
    0.999776835527784,
    0.9995536710555679
  ],
  "val_acc": [
    0.8993963782696177,
    0.9255533199195171,
    0.9356136820925554,
    0.9496981891348089,
    0.96579476861167,
    0.971830985915493,
    0.9758551307847082,
    0.9839034205231388,
    0.9798792756539235,
    0.9839034205231388,
    0.9859154929577465,
    0.9839034205231388,
    0.9818913480885312,
    0.9839034205231388,
    0.9839034205231388,
    0.9839034205231388,
    0.9818913480885312,
    0.9818913480885312,
    0.9839034205231388,
    0.9859154929577465
  ]
}