{
  "dropout_sweep": [
    {
      "dropout": 0.0,
      "weight_decay": 0.0,
      "val_acc": 0.9798792756539235,
      "test_acc": 0.9403153153153153,
      "train_acc_curve": [
        0.9241240794465521,
        0.9654095068065164,
        0.9852711448337425,
        0.9928587368890872,
        0.9982146842222718,
        0.999776835527784,
        1.0,
        1.0,
        1.0,
        1.0,
        1.0,
        1.0,
        1.0,
        1.0,
        1.0,
        1.0,
        1.0,
        1.0,
        1.0,
        1.0
      ],
      "val_acc_curve": [
        0.9235412474849095,
        0.9496981891348089,
        0.9577464788732394,
        0.971830985915493,
        0.9738430583501007,
        0.9778672032193159,
        0.9778672032193159,
        0.9778672032193159,
        0.9778672032193159,
        0.9778672032193159,
        0.9778672032193159,
        0.9778672032193159,
        0.9778672032193159,
        0.9778672032193159,
        0.9778672032193159,
        0.9778672032193159,
        0.9778672032193159,
        0.9798792756539235,
        0.9778672032193159,
        0.9778672032193159
      ]
    },
    {
      "dropout": 0.3,
      "weight_decay": 0.0,
      "val_acc": 0.9818913480885312,
      "test_acc": 0.9346846846846847,
      "train_acc_curve": [
        0.9087257308636465,
        0.96183887525106,
        0.9834858290560143,
        0.9919660790002232,
        0.9957598750278955,
        0.9988841776389199,
        0.9995536710555679,
        0.999776835527784,
        0.9964293684445437,
        0.999776835527784,
        0.9995536710555679,
        1.0,
        0.999776835527784,
        1.0,
        1.0,
        0.999776835527784,
        1.0,
        0.999776835527784,
        1.0,
        1.0
      ],
      "val_acc_curve": [
        0.9014084507042254,
        0.9456740442655935,
        0.96579476861167,
        0.9738430583501007,
        0.9798792756539235,
        0.9778672032193159,
        0.9778672032193159,
        0.9818913480885312,
        0.9778672032193159,
        0.9758551307847082,
        0.9818913480885312,
        0.9818913480885312,
        0.9818913480885312,
        0.9798792756539235,
        0.9818913480885312,
        0.9818913480885312,
        0.9798792756539235,
        0.9798792756539235,
        0.9798792756539235,
        0.9818913480885312
      ]
    },
    {
      "dropout": 0.5,
      "weight_decay": 0.0,
      "val_acc": 0.9798792756539235,
      "test_acc": 0.9414414414414415,
      "train_acc_curve": [
        0.8879714349475564,
        0.9413077438071858,
        0.9732202633340772,
        0.9834858290560143,
        0.9881722829725508,
        0.9937513947779514,
        0.9968756973889756,
        0.9970988618611917,
        0.9984378486944878,
        0.9995536710555679,
        0.999330506583352,
        1.0,
        0.999776835527784,
        0.9995536710555679,
        0.999776835527784,
        0.999776835527784,
        1.0,
        1.0,
        0.999776835527784,
        1.0
      ],
      "val_acc_curve": [
        0.8913480885311871,
        0.9295774647887324,
        0.9517102615694165,
        0.96579476861167,
        0.9637826961770624,
        0.9678068410462777,
        0.9758551307847082,
        0.9798792756539235,
        0.9778672032193159,
        0.9778672032193159,
        0.9778672032193159,
        0.9798792756539235,
        0.9798792756539235,
        0.9798792756539235,
        0.9798792756539235,
        0.9778672032193159,
        0.9758551307847082,
        0.9798792756539235,
        0.9778672032193159,
        0.9778672032193159
      ]
    },
    {
      "dropout": 0.7,
      "weight_decay": 0.0,
      "val_acc": 0.9859154929577465,
      "test_acc": 0.9369369369369369,
      "train_acc_curve": [
        0.8685561258647624,
        0.9156438295023432,
        0.9442088819459942,
        0.9600535594733318,
        0.9754519080562375,
        0.9785762106672617,
        0.9843784869448784,
        0.9881722829725508,
        0.990627092166927,
        0.9937513947779514,
        0.9953135460834636,
        0.9966525329167597,
        0.9966525329167597,
        0.9973220263334077,
        0.9977683552778398,
        0.9975451908056238,
        0.9977683552778398,
        0.999330506583352,
        0.9995536710555679,
        0.9991073421111359
      ],
      "val_acc_curve": [
        0.8812877263581489,
        0.9175050301810865,
        0.9295774647887324,
        0.9476861167002012,
        0.9557344064386318,
        0.9617706237424547,
        0.9698189134808853,
        0.9738430583501007,
        0.9758551307847082,
        0.9818913480885312,
        0.9798792756539235,
        0.9778672032193159,
        0.9798792756539235,
        0.9778672032193159,
        0.9778672032193159,
        0.9798792756539235,
        0.9798792756539235,
        0.9859154929577465,
        0.9859154929577465,
        0.9839034205231388
      ]
    }
  ],
  "weight_decay_sweep": [
    {
      "dropout": 0.5,
      "weight_decay": 0.0,
      "val_acc": 0.9839034205231388,
      "test_acc": 0.9414414414414415,
      "train_acc_curve": [
        0.8962285204195493,
        0.9375139477795135,
        0.9671948225842446,
        0.9872796250836867,
        0.9917429145280071,
        0.9937513947779514,
        0.9970988618611917,
        0.9957598750278955,
        0.9984378486944878,
        0.999330506583352,
        0.9991073421111359,
        1.0,
        1.0,
        1.0,
        1.0,
        1.0,
        1.0,
        1.0,
        1.0,
        1.0
      ],
      "val_acc_curve": [
        0.9014084507042254,
        0.9215291750503019,
        0.9557344064386318,
        0.971830985915493,
        0.9698189134808853,
        0.9778672032193159,
        0.9818913480885312,
        0.9778672032193159,
        0.9798792756539235,
        0.9798792756539235,
        0.9758551307847082,
        0.9798792756539235,
        0.9758551307847082,
        0.9778672032193159,
        0.9839034205231388,
        0.9818913480885312,
        0.9778672032193159,
        0.9839034205231388,
        0.9839034205231388,
        0.9839034205231388
      ]
    },
    {
      "dropout": 0.5,
      "weight_decay": 0.0001,
      "val_acc": 0.9758551307847082,
      "test_acc": 0.9403153153153153,
      "train_acc_curve": [
        0.9020307966971658,
        0.9433162240571301,
        0.9683106449453247,
        0.9828163356393662,
        0.9875027895559026,
        0.9908502566391431,
        0.9921892434724392,
        0.9962062039723276,
        0.9962062039723276,
        0.9979915197500558,
        0.9979915197500558,
        0.9988841776389199,
        0.9991073421111359,
        0.9988841776389199,
        0.999330506583352,
        0.9995536710555679,
        0.9995536710555679,
        0.999776835527784,
        1.0,
        0.999776835527784
      ],
      "val_acc_curve": [
        0.9054325955734407,
        0.9295774647887324,
        0.9517102615694165,
        0.9617706237424547,
        0.9698189134808853,
        0.971830985915493,
        0.9698189134808853,
        0.971830985915493,
        0.971830985915493,
        0.9738430583501007,
        0.9738430583501007,
        0.971830985915493,
        0.9738430583501007,
        0.971830985915493,
        0.9758551307847082,
        0.9738430583501007,
        0.9758551307847082,
        0.9738430583501007,
        0.9758551307847082,
        0.9758551307847082
      ]
    },
    {
      "dropout": 0.5,
      "weight_decay": 0.001,
      "val_acc": 0.9798792756539235,
      "test_acc": 0.9369369369369369,