{
  "dropout": 0.5,
  "weight_decay": 0.0,
  "val_acc": 0.9839034205231388,
  "test_acc": 0.9414414414414415,
  "train_acc_curve": [
    0.8962285204195493,
    0.9375139477795135,
    0.9671948225842446,
    0.9872796250836867,
    0.9917429145280071,
    0.9937513947779514,
    0.9970988618611917,
    0.9957598750278955,
    0.9984378486944878,
    0.999330506583352,
    0.9991073421111359,
    1.0,
    1.0,
    1.0,
    1.0,
    1.0,
    1.0,
    1.0,
    1.0,
    1.0
  ],
  "val_acc_curve": [
    0.9014084507042254,
    0.9215291750503019,
    0.9557344064386318,
    0.971830985915493,
    0.9698189134808853,
    0.9778672032193159,
    0.9818913480885312,
    0.9778672032193159,
    0.9798792756539235,
    0.9798792756539235,
    0.9758551307847082,
    0.9798792756539235,
    0.9758551307847082,
    0.9778672032193159,
    0.9839034205231388,
    0.9818913480885312,
    0.9778672032193159,
    0.9839034205231388,
    0.9839034205231388,
    0.9839034205231388
  ]
}