{
  "dropout": 0.7,
  "weight_decay": 0.0,
  "val_acc": 0.9859154929577465,
  "test_acc": 0.9369369369369369,
  "train_acc_curve": [
    0.8685561258647624,
    0.9156438295023432,
    0.9442088819459942,
    0.9600535594733318,
    0.9754519080562375,
    0.9785762106672617,
    0.9843784869448784,
    0.9881722829725508,
    0.990627092166927,
    0.9937513947779514,
    0.9953135460834636,
    0.9966525329167597,
    0.9966525329167597,
    0.9973220263334077,
    0.9977683552778398,
    0.9975451908056238,
    0.9977683552778398,
    0.999330506583352,
    0.9995536710555679,
    0.9991073421111359
  ],
  "val_acc_curve": [
    0.8812877263581489,
    0.9175050301810865,
    0.9295774647887324,
    0.9476861167002012,
    0.9557344064386318,
    0.9617706237424547,
    0.9698189134808853,
    0.9738430583501007,
    0.9758551307847082,
    0.9818913480885312,
    0.9798792756539235,
    0.9778672032193159,
    0.9798792756539235,
    0.9778672032193159,
    0.9778672032193159,
    0.9798792756539235,
    0.9798792756539235,
    0.9859154929577465,
    0.9859154929577465,
    0.9839034205231388
  ]
}