{
  "lr": 0.005,
  "train_loss": [
    0.6998184325044222,
    0.25796128963254855,
    0.18518624752964263,
    0.12546690066043611,
    0.1082469263136381,
    0.13168861564515663,
    0.091948801882247,
    0.11168032142324749,
    0.10251616040954258,
    0.06211139762653979,
    0.07902963389138529,
    0.09235682763336245,
    0.08130798013490632,
    0.08454951306778412,
    0.047067570998991205,
    0.07439920191790869,
    0.04719881631621642,
    0.07169341349974691,
    0.06038245762534368,
    0.0649786285085087
  ],
  "val_loss": [
    0.18499324523227315,
    0.21994027685771286,
    0.16566041510709575,
    0.1933468329519693,
    0.18743580408859062,
    0.21109457871683646,
    0.2611112015048263,
    0.30394213155316757,
    0.3202644257241264,
    0.2730291950716909,
    0.35748670024414814,
    0.41281906061509943,
    0.3064117051794061,
    0.4689068656145493,
    0.45170287550305216,
    0.4882622759459424,
    0.3835848277196723,
    0.403970825156315,
    0.39353008763920855,
    0.4027486097787168
  ],
  "train_acc": [
    0.9477795135014506,
    0.9747824146395894,
    0.9872796250836867,
    0.9939745592501674,
    0.9959830395001116,
    0.9930819013613033,
    0.9953135460834636,
    0.9964293684445437,
    0.9982146842222718,
    0.9991073421111359,
    0.9975451908056238,
    0.9975451908056238,
    0.9979915197500558,
    0.9973220263334077,
    0.9984378486944878,
    0.9986610131667039,
    0.9968756973889756,
    0.9984378486944878,
    0.9986610131667039,
    0.9982146842222718
  ],
  "val_acc": [
    0.9517102615694165,
    0.959758551307847,
    0.971830985915493,
    0.9778672032193159,
    0.9758551307847082,
    0.971830985915493,
    0.9758551307847082,
    0.9738430583501007,
    0.971830985915493,
    0.9758551307847082,
    0.9698189134808853,
    0.9758551307847082,
    0.9758551307847082,
    0.971830985915493,
    0.9778672032193159,
    0.9738430583501007,
    0.9778672032193159,
    0.9738430583501007,
    0.9778672032193159,
    0.9778672032193159
  ]
}