{
  "dropout": 0.3,
  "weight_decay": 0.0,
  "val_acc": 0.9818913480885312,
  "test_acc": 0.9346846846846847,
  "train_acc_curve": [
    0.9087257308636465,
    0.96183887525106,
    0.9834858290560143,
    0.9919660790002232,
    0.9957598750278955,
    0.9988841776389199,
    0.9995536710555679,
    0.999776835527784,
    0.9964293684445437,
    0.999776835527784,
    0.9995536710555679,
    1.0,
    0.999776835527784,
    1.0,
    1.0,
    0.999776835527784,
    1.0,
    0.999776835527784,
    1.0,
    1.0
  ],
  "val_acc_curve": [
    0.9014084507042254,
    0.9456740442655935,
    0.96579476861167,
    0.9738430583501007,
    0.9798792756539235,
    0.9778672032193159,
    0.9778672032193159,
    0.9818913480885312,
    0.9778672032193159,
    0.9758551307847082,
    0.9818913480885312,
    0.9818913480885312,
    0.9818913480885312,
    0.9798792756539235,
    0.9818913480885312,
    0.9818913480885312,
    0.9798792756539235,
    0.9798792756539235,
    0.9798792756539235,
    0.9818913480885312
  ]
}