{
  "mode": "glove_frozen",
  "val_best": 0.9798792756539235,
  "train_loss": [
    0.9402431663432522,
    0.46953197109041817,
    0.33606609757312095,
    0.26464071219981955,
    0.20722659008890887,
    0.17489024542839074,
    0.14576246568472145,
    0.12458849061042307,
    0.0956382778382477,
    0.08610193177451848,
    0.07239671680316433,
    0.0636703381387617,
    0.055336613584242474,
    0.05048359678732408,
    0.045127452201717294,
    0.03827789357150326,
    0.036337096022125655,
    0.03577767671457275,
    0.027288985798412657,
    0.037502932105568425
  ],
  "val_loss": [
    0.5013391275401087,
    0.3342632386286254,
    0.2700538382204006,
    0.21686200461757016,
    0.17939916822752003,
    0.1736415016279374,
    0.14903279767189948,
    0.1300642526665444,
    0.12120991005324262,
    0.12324129493243738,
    0.11789349529524924,
    0.11319893673512058,
    0.10538755661584961,
    0.11343500076585132,
    0.10731640155286616,
    0.11413224350278767,
    0.10524483366871264,
    0.11848615619618168,
    0.12348011432878928,
    0.11646609880794702
  ],
  "train_acc": [
    0.865431823253738,
    0.9167596518634233,
    0.9355054675295693,
    0.9533586253068511,
    0.9674179870564606,
    0.970765454139701,
    0.9770140593617496,
    0.9814773488060701,
    0.9890649408614148,
    0.9883954474447668,
    0.9955367105556795,
    0.9955367105556795,
    0.9966525329167597,
    0.9982146842222718,
    0.9988841776389199,
    0.9982146842222718,
    0.9982146842222718,
    0.9991073421111359,
    0.9991073421111359,
    0.9979915197500558
  ],
  "val_acc": [
    0.8913480885311871,
    0.9134808853118712,
    0.9336016096579477,
    0.9396378269617707,
    0.9557344064386318,
    0.9517102615694165,
    0.9617706237424547,
    0.9698189134808853,
    0.9738430583501007,
    0.96579476861167,
    0.9758551307847082,
    0.9758551307847082,
    0.9758551307847082,
    0.9738430583501007,
    0.9758551307847082,
    0.9758551307847082,
    0.9798792756539235,
    0.9738430583501007,
    0.9738430583501007,
    0.9798792756539235
  ]
}