{
  "dropout": 0.5,
  "weight_decay": 0.001,
  "val_acc": 0.9798792756539235,
  "test_acc": 0.9369369369369369,
  "train_acc_curve": [
    0.8890872573086365,
    0.9352823030573533,
    0.9578219147511716,
    0.9756750725284534,
    0.9832626645837983,
    0.9872796250836867,
    0.9872796250836867,
    0.9908502566391431,
    0.9895112698058469,
    0.9915197500557911,
    0.9941977237223834,
    0.9919660790002232,
    0.9921892434724392,
    0.9948672171390315,
    0.9953135460834636,
    0.9955367105556795,
    0.9964293684445437,
    0.9948672171390315,
    0.9948672171390315,
    0.9955367105556795
  ],
  "val_acc_curve": [
    0.89738430583501,
    0.9235412474849095,
    0.9416498993963782,
    0.9577464788732394,
    0.96579476861167,
    0.96579476861167,
    0.9678068410462777,
    0.9758551307847082,
    0.9738430583501007,
    0.9798792756539235,
    0.9738430583501007,
    0.9738430583501007,
    0.9758551307847082,
    0.9798792756539235,
    0.9798792756539235,
    0.9798792756539235,
    0.9758551307847082,
    0.9778672032193159,
    0.9778672032193159,
    0.9778672032193159
  ]
}